review,rating,date,bank,source
it's not working,3,2025-06-05,Bank of Abyssinia,Google Play
"Hello, I‚Äôm facing a problem with the BOA Mobile app. Every time I enter my phone number and password, the app crashes and shows an error that says ‚ÄúBoaMobile closed because this app has a bug.‚Äù I tried updating, reinstalling, and clearing cache, but nothing worked. Please fix this bug in the next update. I really need access to my account. Thank you.",1,2025-06-03,Bank of Abyssinia,Google Play
exceptional,5,2025-06-03,Bank of Abyssinia,Google Play
BoA Mobile good bank,5,2025-06-02,Bank of Abyssinia,Google Play
this is worest app 24/7 loading,1,2025-06-01,Bank of Abyssinia,Google Play
This App is not interest for Android phone Please update it .,1,2025-06-01,Bank of Abyssinia,Google Play
BoA system is confartable,5,2025-06-01,Bank of Abyssinia,Google Play
"this app, for me , is a waste of time. It doesn't work . I can't even long in, and it really piss me off. FIX THE PROBLEM",1,2025-05-27,Bank of Abyssinia,Google Play
Good service.,3,2025-05-25,Bank of Abyssinia,Google Play
the app crush frequently,1,2025-05-24,Bank of Abyssinia,Google Play
good,5,2025-05-22,Bank of Abyssinia,Google Play
You guys keeps getting worst,1,2025-05-22,Bank of Abyssinia,Google Play
good,5,2025-05-21,Bank of Abyssinia,Google Play
"This app is a joke. It crashes more than it works, takes forever to load, and half the features are just decorative at this point. Can‚Äôt log in, can‚Äôt transfer money, can‚Äôt even check my balance without it bugging out. To the developer: Are you actually trying to make this work, or is this some kind of social experiment to test our patience? Did you build this in your sleep? Because it definitely looks like it. If this is your idea of a functional app, maybe consider a different career pathüôè",1,2025-05-21,Bank of Abyssinia,Google Play
BoA,2,2025-05-20,Bank of Abyssinia,Google Play
good,5,2025-05-20,Bank of Abyssinia,Google Play
but not opening on android,4,2025-05-19,Bank of Abyssinia,Google Play
Worst App ever. Totally unreliable. And it didn't work at all for the last 4 months.,1,2025-05-18,Bank of Abyssinia,Google Play
amazing,5,2025-05-18,Bank of Abyssinia,Google Play
excellent app,4,2025-05-16,Bank of Abyssinia,Google Play
excellent,5,2025-05-15,Bank of Abyssinia,Google Play
·àû·àã·ã¨ ·ä®·â†·ã∞,5,2025-05-14,Bank of Abyssinia,Google Play
"this app does no work on Samsung a51, it just gives a preview of the logo",1,2025-05-11,Bank of Abyssinia,Google Play
nice,5,2025-05-10,Bank of Abyssinia,Google Play
"i entered incorrect security question by mistake boa app lock pin forever, why is there no other options? ?? i contacted different branchs more then 4times but they didn't able to solve this issue .",5,2025-05-10,Bank of Abyssinia,Google Play
Best app,5,2025-05-09,Bank of Abyssinia,Google Play
liking this application good üëç,5,2025-05-07,Bank of Abyssinia,Google Play
"This app future is good, but there is problems with apps to reset and activate it, which is difficult even to the branch staffs, and it takes too long times to active at the branch plus most of the time high expected failure of activation after process at the counter and OTP sent not work",1,2025-05-06,Bank of Abyssinia,Google Play
good,5,2025-05-06,Bank of Abyssinia,Google Play
good,5,2025-05-02,Bank of Abyssinia,Google Play
good,4,2025-04-30,Bank of Abyssinia,Google Play
wow,5,2025-04-28,Bank of Abyssinia,Google Play
it's really good üëç,5,2025-04-23,Bank of Abyssinia,Google Play
Bad app . it stuck when you open and noting WORKS.,1,2025-04-23,Bank of Abyssinia,Google Play
"the app isn't working after it asked me the password it starts loading, but it doesn't open",3,2025-04-20,Bank of Abyssinia,Google Play
Best,2,2025-04-19,Bank of Abyssinia,Google Play
It keeps showing this pop up to turn off developer options even tho it's off! I had to turn on and then off to make it work! This is a horrible experience and needs a fix asap! Plus kinda slow.,1,2025-04-19,Bank of Abyssinia,Google Play
yideg,1,2025-04-18,Bank of Abyssinia,Google Play
·ä†·ã≠·ä®·çç·âµ·àù ·ä•·äÆ,1,2025-04-17,Bank of Abyssinia,Google Play
great boa,5,2025-04-10,Bank of Abyssinia,Google Play
Best,5,2025-04-10,Bank of Abyssinia,Google Play
boa of mobile backing,5,2025-04-09,Bank of Abyssinia,Google Play
nice,5,2025-04-09,Bank of Abyssinia,Google Play
faster bank of Abissinya,5,2025-04-08,Bank of Abyssinia,Google Play
i would have given it a lower if it was possible because it crush so much and it take the bank so long to fix the bug,1,2025-04-08,Bank of Abyssinia,Google Play
it just doesn't work...so frustrating,1,2025-04-07,Bank of Abyssinia,Google Play
like,5,2025-04-06,Bank of Abyssinia,Google Play
it's not work correctly... you must have update it,1,2025-04-06,Bank of Abyssinia,Google Play
"the app gets a considerable improvements like language , QR scanner and unlimited transfers survice. but BOA Please do alot on its fastness and convenient when we login and making a transactions.",5,2025-04-04,Bank of Abyssinia,Google Play
after i typed in my password it says successfully logged out ...and goes back to the first page,2,2025-04-04,Bank of Abyssinia,Google Play
good but they don't update enough don't add new things,3,2025-04-04,Bank of Abyssinia,Google Play
very good,5,2025-04-03,Bank of Abyssinia,Google Play
thank you,5,2025-04-02,Bank of Abyssinia,Google Play
it doesn't work period z slowest mobile banking ever i would rather use *815#,1,2025-04-01,Bank of Abyssinia,Google Play
"after activated the application it not allowed to sign , automatically it is turn off In my phone, why ?",1,2025-03-31,Bank of Abyssinia,Google Play
good application,5,2025-03-30,Bank of Abyssinia,Google Play
this version is not working for me I cannot even buy card. I cannot send money,1,2025-03-30,Bank of Abyssinia,Google Play
"It can't actively on initialization, it says incorrect OTP getting the exact OTP",1,2025-03-29,Bank of Abyssinia,Google Play
always problematic hardly works,1,2025-03-26,Bank of Abyssinia,Google Play
considering the fact the bank is huge this app really bad you could do better,1,2025-03-25,Bank of Abyssinia,Google Play
best app,5,2025-03-25,Bank of Abyssinia,Google Play
very good,5,2025-03-25,Bank of Abyssinia,Google Play
"worst app and Bank ever u be ashamed, scammer",1,2025-03-24,Bank of Abyssinia,Google Play
great BoA,5,2025-03-22,Bank of Abyssinia,Google Play
best,5,2025-03-21,Bank of Abyssinia,Google Play
i have went to the bank so many times because i couldn't make any transaction i can only see my balance nothing else so what is the point of having mobile banking if i can't make any transaction with it please work in that,1,2025-03-21,Bank of Abyssinia,Google Play
good,5,2025-03-21,Bank of Abyssinia,Google Play
good,5,2025-03-19,Bank of Abyssinia,Google Play
there is no speed,1,2025-03-19,Bank of Abyssinia,Google Play
"For anyone who wants to download it, just don't!!!",1,2025-03-19,Bank of Abyssinia,Google Play
wonderful,5,2025-03-19,Bank of Abyssinia,Google Play
all worck,5,2025-03-19,Bank of Abyssinia,Google Play
Best app,5,2025-03-17,Bank of Abyssinia,Google Play
Loved it,5,2025-03-14,Bank of Abyssinia,Google Play
Wow,1,2025-03-14,Bank of Abyssinia,Google Play
"Edit: New bug, app not letting me type in my otp codes. Shameful Why does this app not allow me to use it while having developer options on? Did y'all consider that I might, perhaps, be an actual developer? Why am I expected to toggle the option on and off just to bank (restarting my phone when I do)? Why is the message labled as somthing that will ""smoothen"" the experience? This is like the most ""security consultant"" thing to implement in an app. Please invest in actual security, not this mess.",1,2025-03-12,Bank of Abyssinia,Google Play
Improved to be the best,5,2025-03-11,Bank of Abyssinia,Google Play
BoA,5,2025-03-11,Bank of Abyssinia,Google Play
"Decent, but there problems sometimes it says error When i transfer money but infact it transferred because of this bug i transferred 2 times instead of 1 and also we can't transfer money to others telebirr acc we only can to our self BOE Dev fix this !!!",3,2025-03-11,Bank of Abyssinia,Google Play
BoA Greqt Ethiopian bank.,5,2025-03-11,Bank of Abyssinia,Google Play
"The bug is still there,the app crashes every time i try to log in, especially in old phones like my Galaxy A32",1,2025-03-10,Bank of Abyssinia,Google Play
Almost better compared to cbe where it is not qualified for,4,2025-03-09,Bank of Abyssinia,Google Play
what awesome apps. it is very simple to use and more much important apps.,5,2025-03-09,Bank of Abyssinia,Google Play
Wonderfull app,5,2025-03-08,Bank of Abyssinia,Google Play
i can't use this app why?,5,2025-03-07,Bank of Abyssinia,Google Play
Worst mobile banking app I ever experienced I was blaming other apps but comparing with this they're too much better!!!! It clashes it takes much longer time to login while loading in short it's a complete of trash,1,2025-03-06,Bank of Abyssinia,Google Play
Wow,4,2025-03-05,Bank of Abyssinia,Google Play
bro the worst app made by human kind!! as a software engineer it make me so sad seeing enterprise as big as BOA make apps like this. it is a disgrace for our country!!,1,2025-03-05,Bank of Abyssinia,Google Play
AGA B Girja Miss language of admin Afaan oromo & other Itoophiyaa languages,1,2025-03-04,Bank of Abyssinia,Google Play
Good app,5,2025-03-03,Bank of Abyssinia,Google Play
"I downloaded the app for the first time while reading other customers reviews and as soon as i installed and opened the app it closes back automatically, what unserious bank, now i uninstalled the app immediately",1,2025-03-03,Bank of Abyssinia,Google Play
It has good features but sometimes it doesn't work...0,1,2025-03-02,Bank of Abyssinia,Google Play
Very poor proformance,1,2025-03-01,Bank of Abyssinia,Google Play
It's not opening. Really frustrating,1,2025-03-01,Bank of Abyssinia,Google Play
Verry Amazing App from all IB,5,2025-03-01,Bank of Abyssinia,Google Play
Not working on this days,1,2025-02-26,Bank of Abyssinia,Google Play
Thank you BoA,5,2025-02-23,Bank of Abyssinia,Google Play
best banking app in the wworld,5,2025-02-22,Bank of Abyssinia,Google Play
Nice app and it's easy to use,5,2025-02-21,Bank of Abyssinia,Google Play
"please add language in the apps setting(amharic afan oromo, tigniya,and others) sometimes bank to bank transfer is not available through time and even if if it is available not reachable‚Ä¶it is serious issue!",1,2025-02-15,Bank of Abyssinia,Google Play
This is help full i like ittttt,5,2025-02-14,Bank of Abyssinia,Google Play
The is not functional at all?,2,2025-02-12,Bank of Abyssinia,Google Play
Best bank,5,2025-02-08,Bank of Abyssinia,Google Play
Make it easy and convienient to use and perfect for all to high prefrence and choice.,3,2025-02-07,Bank of Abyssinia,Google Play
good,5,2025-02-05,Bank of Abyssinia,Google Play
üá™üáπüá™üáπüá™üáπüá™üáπüá™üáπüá™üáπüëçüëçüëçüëçüëçüëçüëç,5,2025-02-04,Bank of Abyssinia,Google Play
I have been using this app for two years.It is amazing.,5,2025-02-01,Bank of Abyssinia,Google Play
Good üëç,5,2025-01-31,Bank of Abyssinia,Google Play
Sad experience,1,2025-01-30,Bank of Abyssinia,Google Play
Always do update and that is annoying,3,2025-01-27,Bank of Abyssinia,Google Play
"Best app, somehow waiting a few minutes",5,2025-01-23,Bank of Abyssinia,Google Play
I can't dijitalize my atm in the apollo app on my phone,1,2025-01-22,Bank of Abyssinia,Google Play
Whenever I try to sign in app close please fixed it out,2,2025-01-21,Bank of Abyssinia,Google Play
Beter,5,2025-01-21,Bank of Abyssinia,Google Play
Boa,4,2025-01-18,Bank of Abyssinia,Google Play
·â†·å£·àù ·ã®·àö·ã´·àµ·å†·àã ·ä†·çï ·â†·å£·àù ·ã®·ãà·à®·ã∞ ·ãú·àÆ ·äê·ãç ·ã®·àù·à∞·å†·ãç ·ãò·àÆ It's not App it's very slow ehhhh. Why don't you upgrade the app???? It's always zero,1,2025-01-18,Bank of Abyssinia,Google Play
Aadan Axmed Barkhadle,5,2025-01-17,Bank of Abyssinia,Google Play
üò°üò°üò°ü§¨ü§¨ü§¨,1,2025-01-16,Bank of Abyssinia,Google Play
Horrible customer service and app crashes Horrible!!,1,2025-01-15,Bank of Abyssinia,Google Play
I love it,5,2025-01-14,Bank of Abyssinia,Google Play
Best,5,2025-01-14,Bank of Abyssinia,Google Play
It keeps asking me to turn off developer mode even when dev mode is off. Couldn't use it.,1,2025-01-13,Bank of Abyssinia,Google Play
Goodüôè,5,2025-01-12,Bank of Abyssinia,Google Play
Like to much,5,2025-01-11,Bank of Abyssinia,Google Play
Thank you,5,2025-01-10,Bank of Abyssinia,Google Play
Perfect,5,2025-01-09,Bank of Abyssinia,Google Play
The best of best,5,2025-01-09,Bank of Abyssinia,Google Play
I was using this app for long time it amazing user friendly UI but the i can't found for get pin button in the app,3,2025-01-07,Bank of Abyssinia,Google Play
Boa,5,2025-01-06,Bank of Abyssinia,Google Play
Great üëç,5,2025-01-04,Bank of Abyssinia,Google Play
Fast and suitable for the customers.,5,2025-01-04,Bank of Abyssinia,Google Play
Good üëç,5,2025-01-03,Bank of Abyssinia,Google Play
Good app and helpful,5,2025-01-03,Bank of Abyssinia,Google Play
"I will give only one star, because it faced with multiple of problems. 1. The app is not as fast as the other banks App, for e.g like CBE 2. The App asks repeatedly to switch off developer options, even if it is switched off. 3. Bank of Abyssinia's services are interesting, but they ignored the issues on the App service. 4. Most customers gave a complain on the App, but no one accept their complain to fix the issue. 5. Lastly, I will not recommend the App unless the issue has been solved ASAP!!",1,2025-01-03,Bank of Abyssinia,Google Play
By assessing this you can tell Abyssinia bank has no idea what mobile banking is ?,1,2025-01-02,Bank of Abyssinia,Google Play
It doesn't work at all.,2,2025-01-02,Bank of Abyssinia,Google Play
this app is not available,1,2025-01-02,Bank of Abyssinia,Google Play
Best,5,2025-01-01,Bank of Abyssinia,Google Play
Wow what amazing,5,2024-12-30,Bank of Abyssinia,Google Play
love it,5,2024-12-30,Bank of Abyssinia,Google Play
·â†·å£·àù ·àò·àª·àª·àç ·ä†·àà·â†·âµ....... ·àà ·â£·äï·ä© ·àõ·ã≠·àò·å•·äï ·àò·â∞·åç·â†·à≠·ã´ ·äê·ãç ::,2,2024-12-30,Bank of Abyssinia,Google Play
Lemn embi yilal??,5,2024-12-30,Bank of Abyssinia,Google Play
Good,5,2024-12-30,Bank of Abyssinia,Google Play
It's useless app downgraded.,1,2024-12-29,Bank of Abyssinia,Google Play
Why is not letting me access my account. The whole point of this app is for me to gey access to my account without physically being at the bank. I would give it a zero but a one will suffice to get my point accross.,1,2024-12-27,Bank of Abyssinia,Google Play
Nice,5,2024-12-26,Bank of Abyssinia,Google Play
When are you going to get rid of this and have a real app that works? By far the worst mobile banking app.,1,2024-12-24,Bank of Abyssinia,Google Play
·ä†·ã≠·à∞·à´·àù ·àº·àù ·äê·ãç·ç§,1,2024-12-23,Bank of Abyssinia,Google Play
Not that much bad,3,2024-12-22,Bank of Abyssinia,Google Play
Fine,5,2024-12-21,Bank of Abyssinia,Google Play
The dirtiest application ever seen...,1,2024-12-20,Bank of Abyssinia,Google Play
Nic ap,5,2024-12-19,Bank of Abyssinia,Google Play
The forest app ever,1,2024-12-19,Bank of Abyssinia,Google Play
"I love BoA more than anyone but they are cursed when it comed to mobile banking. Even though this ine is hetter it still s*cks! It will ask me to turn off developer options other wise it won't work! I use CBE, Awash birr, tekebirr, Dashen bank and others but non of them asked me this, why only BoA? Please improve your mobile banking, be competitive!",1,2024-12-19,Bank of Abyssinia,Google Play
Bank of abissena,1,2024-12-17,Bank of Abyssinia,Google Play
Good,3,2024-12-16,Bank of Abyssinia,Google Play
"Easy and sooo simple to use it, also its easy to stole someones money using the app",3,2024-12-16,Bank of Abyssinia,Google Play
GOOD,5,2024-12-15,Bank of Abyssinia,Google Play
The worst banking app ever. Never works!,1,2024-12-14,Bank of Abyssinia,Google Play
Poorly functioning app,3,2024-12-13,Bank of Abyssinia,Google Play
Very nice,5,2024-12-13,Bank of Abyssinia,Google Play
Your system is the worst you should do betterüò°üò°üò°üò°üò°üò°,2,2024-12-11,Bank of Abyssinia,Google Play
It has been a while since you guys started giving the mobile app service but still couldn't get it to work. I'm sure you know that it doesn't work already but not sure if you're lazy or incompetent to fix it. You are losing business because of this. Complacency will have consequences.,1,2024-12-10,Bank of Abyssinia,Google Play
"This is the best app; many features are awesome, but it should work without the need to turn off the developer options. I'm tired of having to constantly switch the developer options off and on. I've been expressing my struggles about this. I have precious settings enabled in the developer options, and to open the App Boa app, I have to turn them off. Please help us, Abyssinia Bank. I hope you can provide an update soon.",4,2024-12-08,Bank of Abyssinia,Google Play
"I‚Äôm giving this app one star because there are no options below that. My experience has been incredibly frustrating due to the extremely long loading times, and the app even closes automatically at times. People choose mobile banking for its convenience, but this app is far too time-consuming, making it the worst I‚Äôve used. I hope improvements are made to enhance the user experience.",1,2024-12-07,Bank of Abyssinia,Google Play
Nice,5,2024-12-07,Bank of Abyssinia,Google Play
Very unprofessional and mischievous bank in my opinion. I have had several occasions but recently I used Abyssinia Card to withdraw money and it was deducted from my account but despite reporting several times they said they are processing it but I learned yesterday that since it has been 3 months the bank has decided to include it in their income. How absurd. If you can avoid this bank.,1,2024-12-06,Bank of Abyssinia,Google Play
It doesn't work on my 2 devices A05 and A34 üò°,1,2024-12-02,Bank of Abyssinia,Google Play
It's better to say I don't use boa rather than pulling your phone out and opening this app,1,2024-12-01,Bank of Abyssinia,Google Play
My attention is very important because it will be the most difficult time for me,5,2024-11-30,Bank of Abyssinia,Google Play
"I have a worst experience while using this mobile application through out the year. Most of the time it fails to ""Login"" or automatically closed the app. And also it takes so much loading time (5 minutes +) trying to access the internal services. Sometimes also while transferring within and to other bank also fails. So, BOA please fix your app.",1,2024-11-29,Bank of Abyssinia,Google Play
I don't know why but your apps start out great then all of a sudden don't workü§∑‚Äç‚ôÄÔ∏è,1,2024-11-28,Bank of Abyssinia,Google Play
This application is losing major factions on a daily basis. I can count how many times I have used this app; it is completely useless and disappointing if I am not going to use it in times of need then I don't see the point.,1,2024-11-28,Bank of Abyssinia,Google Play
exellent digital transaction of money,5,2024-11-27,Bank of Abyssinia,Google Play
The latest update has stopped android 9 phones not to open this App. Never work properly since i started using it.,1,2024-11-26,Bank of Abyssinia,Google Play
Best,5,2024-11-25,Bank of Abyssinia,Google Play
Great,5,2024-11-25,Bank of Abyssinia,Google Play
üëèüëèüëè,5,2024-11-24,Bank of Abyssinia,Google Play
Money,5,2024-11-24,Bank of Abyssinia,Google Play
It needs more improvment,2,2024-11-24,Bank of Abyssinia,Google Play
Hey Google,5,2024-11-21,Bank of Abyssinia,Google Play
Good app,5,2024-11-21,Bank of Abyssinia,Google Play
ab,3,2024-11-20,Bank of Abyssinia,Google Play
Ademtahir,5,2024-11-20,Bank of Abyssinia,Google Play
‚úåÔ∏è‚úåÔ∏è,5,2024-11-20,Bank of Abyssinia,Google Play
Please this app on my android phone,3,2024-11-20,Bank of Abyssinia,Google Play
GOAT üêê üêê,5,2024-11-19,Bank of Abyssinia,Google Play
"Your app doesn't match your bank, the app is disaster, super slow. Please learn something from tele birr app.",1,2024-11-19,Bank of Abyssinia,Google Play
Fast and reliable,5,2024-11-18,Bank of Abyssinia,Google Play
"The worst app update ever. Why would you include the ""developer option off"" thing here? Why do you care? It is my phone my money, right? That is the reason why I switched to other banks. So either turn it off or everyone will discontinue their business one by one.",1,2024-11-17,Bank of Abyssinia,Google Play
Very good,5,2024-11-14,Bank of Abyssinia,Google Play
One of the poorest mobile banking system,1,2024-11-13,Bank of Abyssinia,Google Play
‚ù§‚ù§‚ù§‚ù§‚ù§‚ù§,5,2024-11-12,Bank of Abyssinia,Google Play
Oene,5,2024-11-12,Bank of Abyssinia,Google Play
i find it interesting specially in reciept downloading,1,2024-11-12,Bank of Abyssinia,Google Play
it good,5,2024-11-12,Bank of Abyssinia,Google Play
"This app crashes everytime, please fix it",1,2024-11-12,Bank of Abyssinia,Google Play
·ä†·äï·ãµ star ·à´·à± ·ã≠·â†·ãõ·â†·â≥·àç·ç¢ i dont recomend to use this app also the bank,1,2024-11-12,Bank of Abyssinia,Google Play
I need a support the app is not working,5,2024-11-12,Bank of Abyssinia,Google Play
Bast bank of ethiopia,5,2024-11-12,Bank of Abyssinia,Google Play
Good,5,2024-11-12,Bank of Abyssinia,Google Play
very slow app. ·ä†·â¢·à≤·äí·ã´·äï ·ä®·àö·ã´·ä≠·àç ·â£·äï·ä≠ ·ã®·àõ·ã≠·å†·â†·âÖ software app. ·ä®·âª·àã·âΩ·àÅ ·àô·àâ ·àà·àô·àâ ·ä•·äï·ã∞·åà·äì ·ä†·à∞·à©·âµ·ç¢·â†·å£·àù ·ã≠·àò·à´·ã´·àç ·ã´·à≥·çç·à´·àç·ç¢·ààapp ·ã®·ãà·å£·ãç ·ãà·å≠ ·â†·àô·àµ·äì ·ã®·â∞·â†·àã ·äê·ãç ·ã®·àö·àò·àµ·àà·ãç·ç¢,1,2024-11-12,Bank of Abyssinia,Google Play
"thank you for your social services like, vertual banking, non touch ATM, Cadrless and withdrwal with out passbook...",5,2024-11-12,Bank of Abyssinia,Google Play
The worst App i have never seen like this before,1,2024-11-12,Bank of Abyssinia,Google Play
Wweeeer,4,2024-11-12,Bank of Abyssinia,Google Play
Infinx,5,2024-11-12,Bank of Abyssinia,Google Play
Great service,5,2024-11-12,Bank of Abyssinia,Google Play
üëç,5,2024-11-11,Bank of Abyssinia,Google Play
This app is not available on all android versions and some times it is not functional.,1,2024-11-08,Bank of Abyssinia,Google Play
senayt Mesfin,4,2024-11-08,Bank of Abyssinia,Google Play
Bad app vety bad.,1,2024-11-07,Bank of Abyssinia,Google Play
Nice,5,2024-11-06,Bank of Abyssinia,Google Play
Abessnya Banke,5,2024-11-05,Bank of Abyssinia,Google Play
"The most useless app, I never expected such an irrelevant app from BOA. big shame!",1,2024-11-04,Bank of Abyssinia,Google Play
Okay,5,2024-11-03,Bank of Abyssinia,Google Play
Professional on banking app,5,2024-11-01,Bank of Abyssinia,Google Play
Has some nice interface but always freezes or slow to load .App developers please fix this issue.,3,2024-10-27,Bank of Abyssinia,Google Play
·ä†·ã≠·à∞·à´·àù ·ä†·àµ·â∞·ä´·ä≠·àâ·âµ,5,2024-10-26,Bank of Abyssinia,Google Play
Please try another because this app doesn't feet the need of this generation,1,2024-10-25,Bank of Abyssinia,Google Play
Good,4,2024-10-25,Bank of Abyssinia,Google Play
Fast transfer,5,2024-10-24,Bank of Abyssinia,Google Play
"What's up I can't log in, what's wrong",5,2024-10-22,Bank of Abyssinia,Google Play
Amrumehamed,1,2024-10-21,Bank of Abyssinia,Google Play
Good,5,2024-10-19,Bank of Abyssinia,Google Play
"Nice to meet you my proud bank in Ethiopia.. I'm a member of this bank, i need to solve my problem of international receiving money for me from my online digital working service's over the world please? I'm working a lot of international money.But i can't get direct in Ethiopia because of don't knowing the legal ways of getting money in Ethiopia please can I get and direct deposit with BoA please üôèüôèüôè?",5,2024-10-18,Bank of Abyssinia,Google Play
Very good,5,2024-10-18,Bank of Abyssinia,Google Play
·ã∞·ã∞·åà·äê·àê,5,2024-10-15,Bank of Abyssinia,Google Play
"Terrible Bank Experience It‚Äôs unbelievable that with all the modern technology, this bank still struggles with even basic transactions. The app constantly crashes, services are limited, and every time I try to transfer money or load Telebirr, there‚Äôs a huge delay. I have to wait 5 days for failed transactions to be refunded! Even USSD is unreliable. They‚Äôve put me in embarrassing situations countless times, and customer care never fixes anything. I‚Äôve switched banks, and you should too!",1,2024-10-14,Bank of Abyssinia,Google Play
A painfully slow banking app service. Please don't make it your choice!,1,2024-10-13,Bank of Abyssinia,Google Play
Good App,4,2024-10-12,Bank of Abyssinia,Google Play
Best app to me,5,2024-10-11,Bank of Abyssinia,Google Play
BOA,5,2024-10-11,Bank of Abyssinia,Google Play
Abdulkadir,5,2024-10-11,Bank of Abyssinia,Google Play
Bad,1,2024-10-10,Bank of Abyssinia,Google Play
If it is possible I would gove0 star,1,2024-10-08,Bank of Abyssinia,Google Play
Nise mobile bankig,4,2024-10-05,Bank of Abyssinia,Google Play
Overall good app but performance needs some improvement also sometimes when using instant other bank transfers it refuses causing to be repeated several times to transfer,4,2024-10-04,Bank of Abyssinia,Google Play
Ok,5,2024-10-04,Bank of Abyssinia,Google Play
Just make it work pleaseü§£ this is embarrassing for a bank of your size,1,2024-10-04,Bank of Abyssinia,Google Play
Update to the simplest way it requires the developer option on and off why this is,5,2024-10-04,Bank of Abyssinia,Google Play
"Stop telling me what to do with my phone, BOA. Why does your newly updated app keep asking me to disable the developer options? I‚Äôm not slowing down my phone just to use your God damn app. ü§Æü§Æü§Æü§Æ",1,2024-10-04,Bank of Abyssinia,Google Play
I'm living out of country how may I download and use mobile banking? It asks me the Ethiopia phone number and I can't receive text to confirm because I'm out side the country. So please lete know if I can use while I'm outside the country. Thanks,1,2024-10-04,Bank of Abyssinia,Google Play
Good,3,2024-10-03,Bank of Abyssinia,Google Play
Worest app,1,2024-10-03,Bank of Abyssinia,Google Play
The worest app ever,1,2024-10-03,Bank of Abyssinia,Google Play
·ä†·à™·çç ·äê·ãç ·â†·à≠·â±·àç·äï,5,2024-10-03,Bank of Abyssinia,Google Play
Wwwerrr,5,2024-10-02,Bank of Abyssinia,Google Play
·åÄ·àõ·àç ·ãç·âÄ·â±,5,2024-09-30,Bank of Abyssinia,Google Play
Great For Financial company,5,2024-09-30,Bank of Abyssinia,Google Play
Very easy to use,5,2024-09-30,Bank of Abyssinia,Google Play
The App's crash always.. Error.....,3,2024-09-27,Bank of Abyssinia,Google Play
This app is incredibly frustrating to use. It‚Äôs filled with issues that make it difficult to navigate and complete tasks efficiently. I‚Äôve never encountered such a poorly designed banking application before. It needs significant improvements to enhance user experience. It deserves a vey low rating.,1,2024-09-26,Bank of Abyssinia,Google Play
nice,5,2024-09-26,Bank of Abyssinia,Google Play
Great UI and seamless UX. I love it!!,5,2024-09-25,Bank of Abyssinia,Google Play
That's too good application but try to add more alternatives and futures or possibilitys for your customers,3,2024-09-25,Bank of Abyssinia,Google Play
It's easy used to operate program and secured üëçüëç,4,2024-09-25,Bank of Abyssinia,Google Play
I bought a mobile card on this app but I didn't receive it and it took my money and I didn't get my money back.,1,2024-09-21,Bank of Abyssinia,Google Play
Amazing,5,2024-09-19,Bank of Abyssinia,Google Play
Great app with great services,5,2024-09-19,Bank of Abyssinia,Google Play
Yes active user,5,2024-09-17,Bank of Abyssinia,Google Play
Shameful,1,2024-09-17,Bank of Abyssinia,Google Play
The worest app ever made i would not recommende for no one,1,2024-09-16,Bank of Abyssinia,Google Play
Good application,5,2024-09-16,Bank of Abyssinia,Google Play
I like,5,2024-09-16,Bank of Abyssinia,Google Play
Good,5,2024-09-16,Bank of Abyssinia,Google Play
"How many hours should I wait after transferring money to telebirr, please do something about the transfer delay issue I need my money when ever.",1,2024-09-15,Bank of Abyssinia,Google Play
"BOA is unreasonably holding and delaying transactions for more than a day, even transactions within the same bank itself. This is a huge gap that I observed in BOA mobile banking. I didn't experience this kind of challenge while having transactions in other banks' mobile banking platforms. After waiting so long, I called your customer support team and the response they gave me was ""it was the system that holds the transaction & will be released on working days"". This is not totally fair.",1,2024-09-15,Bank of Abyssinia,Google Play
·ã®·ä•·à≠·àµ·ãé·äï ·â∞·àû·ä≠·àÆ ·ã≠·åç·àà·åπ (·ä†·àõ·à´·å≠),5,2024-09-14,Bank of Abyssinia,Google Play
It's not working. It needs a big update. Can't you update the app quickly?,1,2024-09-14,Bank of Abyssinia,Google Play
"I am Aimohon Joel , It's can be Good for a Better Conversation in Time üôÇ",3,2024-09-14,Bank of Abyssinia,Google Play
"Better app than most mobile apps, but why do I have to turn off developer option every time I wanna use the app?? It's annoying.",1,2024-09-13,Bank of Abyssinia,Google Play
Bes and freindly app,5,2024-09-13,Bank of Abyssinia,Google Play
It doesn't work.,1,2024-09-12,Bank of Abyssinia,Google Play
"It say ""The request was not successful. please check device connectivity or try again"" why? One of the bank manager told me it is because of my phone's android version which is 9.1 It is ridiculous! Disappointing",1,2024-09-11,Bank of Abyssinia,Google Play
How to download or screenshot of payment receipt...what kinda worst app ever ü§Æü§Æü§¢,1,2024-09-11,Bank of Abyssinia,Google Play
Good,5,2024-09-10,Bank of Abyssinia,Google Play
Smart technology,5,2024-09-10,Bank of Abyssinia,Google Play
Yegema app tishü™®,1,2024-09-08,Bank of Abyssinia,Google Play
Ok,5,2024-09-07,Bank of Abyssinia,Google Play
"This is not an appropriate app, i don't know how boa develops this app, i don't expect this much crazy and un confortable app form BOA, I'm soory!!!",1,2024-09-07,Bank of Abyssinia,Google Play
"Shockingly bad! Even when it decides to work, it's painfully slow and frustrating. Such a shame that it has become a stain on an extraordinary bank",1,2024-09-06,Bank of Abyssinia,Google Play
"It crashes frequently. It launches on Android 8.1 but I don't think it actually works on versions less than 10. If so, it shouldn't be available for download by such devices to begin with, like many other finance apps are not. It was so much better three months ago, upgrades should be for the better.",1,2024-09-06,Bank of Abyssinia,Google Play
Awesome application. But lately its crashing everytime i opened it.,4,2024-09-05,Bank of Abyssinia,Google Play
·ä•·åÖ·àù ·â†·å£·àù ·ã∞·ä´·àõ ·ä†·çï ·äê·ãç ·à≤·çà·àç·åç ·ã≠·ä®·çç·â≥·àç ·à≤·çà·àç·åç ·ä†·ã≠·ä®·çç·âµ·àù ·ä®·ä†·ãã·àΩ ·ä•·äì ·äï·åç·ãµ ·â£·äï·ä≠ ·ã®·àò·à≥·à∞·àâ ·â£·äï·äÆ·âΩ ·à≤·ãà·ã≥·ã∞·à≠ ·àû·â£·ã≠·àç ·â£·äï·ä™·äï·åç App ·ä•·åÖ·åç ·ã®·àö·ã´·â†·à≥·å≠ ·äê·ãç ·àà·ãç·å• ·ã´·àµ·çà·àç·åã·âΩ·äã·àç,1,2024-09-05,Bank of Abyssinia,Google Play
good,5,2024-09-05,Bank of Abyssinia,Google Play
Fast one,3,2024-09-04,Bank of Abyssinia,Google Play
Nice looking app but a terrible user experience.,1,2024-09-03,Bank of Abyssinia,Google Play
The worest MB app ever!!üôÑ,1,2024-09-02,Bank of Abyssinia,Google Play
Very good,5,2024-09-01,Bank of Abyssinia,Google Play
It is ok,5,2024-09-01,Bank of Abyssinia,Google Play
Plz fix the Apps ....screenshot lovation hide from glarey share botten not worküòîüòî,1,2024-08-30,Bank of Abyssinia,Google Play
Good,5,2024-08-30,Bank of Abyssinia,Google Play
Apollo's,1,2024-08-29,Bank of Abyssinia,Google Play
The worst experience ever,1,2024-08-29,Bank of Abyssinia,Google Play
Hussenaliumar,5,2024-08-29,Bank of Abyssinia,Google Play
Good,3,2024-08-28,Bank of Abyssinia,Google Play
Hi I have problem with this App BOA mobile I don't know what is wrong with this App I did many times download but it's sam doesn't work if sam like that this app way I have to be customer with them how I know my account and checking save The book is no Not enough alone,1,2024-08-28,Bank of Abyssinia,Google Play
It is not work for my device,5,2024-08-27,Bank of Abyssinia,Google Play
"I'm Sick and tiered of enabling and disabling Developer Option Everytime I use this app. maybe you know it maybe you dont, fix it please it's anoying",1,2024-08-26,Bank of Abyssinia,Google Play
The worst app ever,1,2024-08-26,Bank of Abyssinia,Google Play
Good,5,2024-08-26,Bank of Abyssinia,Google Play
Betanya Gebre,3,2024-08-23,Bank of Abyssinia,Google Play
I dont recommand it to any one,1,2024-08-23,Bank of Abyssinia,Google Play
Good,5,2024-08-22,Bank of Abyssinia,Google Play
Excellent app,5,2024-08-21,Bank of Abyssinia,Google Play
"The application used to work well. But after updates I'm not able to use the forgot password feature, which is blocking me from accessing it as a whole.",1,2024-08-20,Bank of Abyssinia,Google Play
·âµ·à≠·àÉ·àµ,5,2024-08-19,Bank of Abyssinia,Google Play
Gio,4,2024-08-19,Bank of Abyssinia,Google Play
App isn't working,1,2024-08-18,Bank of Abyssinia,Google Play
Best app,5,2024-08-18,Bank of Abyssinia,Google Play
so far good but always it lugs,3,2024-08-17,Bank of Abyssinia,Google Play
Don't trust this bank and its service.,1,2024-08-16,Bank of Abyssinia,Google Play
"I can not open and use the application,please help me!",5,2024-08-15,Bank of Abyssinia,Google Play
Horrible,1,2024-08-14,Bank of Abyssinia,Google Play
Mostly not working üòë,1,2024-08-14,Bank of Abyssinia,Google Play
Good,5,2024-08-13,Bank of Abyssinia,Google Play
Awesome üëå,5,2024-08-12,Bank of Abyssinia,Google Play
"Despite the enhanced technology you have, the application doesn't work properly, and it asks for the developer option to be turned off, fix that.",3,2024-08-12,Bank of Abyssinia,Google Play
Thank you,3,2024-08-12,Bank of Abyssinia,Google Play
Very poor app b/c highly slow to open the app,1,2024-08-12,Bank of Abyssinia,Google Play
Ok,5,2024-08-12,Bank of Abyssinia,Google Play
best,1,2024-08-12,Bank of Abyssinia,Google Play
Best app,5,2024-08-11,Bank of Abyssinia,Google Play
Wedi Tekle .,5,2024-08-11,Bank of Abyssinia,Google Play
Bad appüì±üëéüëéüëé,1,2024-08-11,Bank of Abyssinia,Google Play
Dura nan fayyadaman ture amma garuu naaf hojjechaa hin jiru maaf?,5,2024-08-11,Bank of Abyssinia,Google Play
Nice appp,5,2024-08-11,Bank of Abyssinia,Google Play
·à∞·àã·àù ·ä†·â¢·à≤·äí·ã´·ãé·âΩ ·ã®·àû·â£·ã≠·àç ·â£·äï·ä™·äï·åã·âΩ·àÅ ·â∞·å†·âÉ·àö ·äê·äù ·ä†·åà·àç·åç·àé·â±·äï ·àµ·àã·àµ·åÄ·àò·à´·âΩ·àÅ·àà·äï ·ä•·äì·àò·à∞·åç·äì·àà·äï·ç¢ ·äê·åà·à≠ ·åç·äï ·ä†·àà·çé ·ä†·àç·çé ·ã®·äê·â†·à®·ãç ·ã®·àõ·àµ·çà·äï·å†·à™·ã´·ãç ·â†·ä†·åç·â£·â° ·ä†·àà·àò·àµ·à´·âµ ·ä†·àç·çé ·ä†·àç·çé ·ãà·ã∞·àò·àµ·à´·âµ ·â∞·âÄ·ã≠·àØ·àç ·ãµ·àÆ ·ä•·äï·ã∞·äê·â†·à´·âΩ·àÅ ·ä•·äì·ãç·âÉ·àà·äï ·ãò·äï·ãµ·àÆ·àù ·â•·âµ·äñ·à©·àç·äï ·ä•·äï·àò·à≠·å£·àà·äï *·ä®·ãò·àò·äï ·ä†·äï·åâ·ã∞·àç*,3,2024-08-10,Bank of Abyssinia,Google Play
Gooood app my dear,5,2024-08-10,Bank of Abyssinia,Google Play
Harun tamam galanaa,3,2024-08-09,Bank of Abyssinia,Google Play
"A total disaster of an app. Always offline, never works, it's embarassing. I've lost hope and taken my business to a competitor",1,2024-08-08,Bank of Abyssinia,Google Play
Gamebela,1,2024-08-08,Bank of Abyssinia,Google Play
so poor app to use can't start up when open the app,1,2024-08-08,Bank of Abyssinia,Google Play
"This app takes too long time to be opened. And even it is not working simply as other banks application. Why this app does not give a digital invoice. Even, I am not able to find where the screeshot is kept after transaction. So, please the developer should fix all these.",1,2024-08-07,Bank of Abyssinia,Google Play
Good job,5,2024-08-07,Bank of Abyssinia,Google Play
"Worst app ever, not user friendly, even doesn't serve basic functionality correctly, takes to much time to login and navigate through the app, we expected more from this bank",1,2024-08-07,Bank of Abyssinia,Google Play
good,3,2024-08-07,Bank of Abyssinia,Google Play
Good,5,2024-08-07,Bank of Abyssinia,Google Play
Bad app .,1,2024-08-06,Bank of Abyssinia,Google Play
"I mean how could a big financial company like this, be this much irresponsible to release this app? You should be ashamed!",1,2024-08-06,Bank of Abyssinia,Google Play
Review,5,2024-08-06,Bank of Abyssinia,Google Play
Goood,4,2024-08-06,Bank of Abyssinia,Google Play
Ok,5,2024-08-06,Bank of Abyssinia,Google Play
üëéüëéüëéüëéüëéüëéüëéüëéüëé,1,2024-08-06,Bank of Abyssinia,Google Play
Is it necessary to switch off developer options every time to use mobile banking?ü§îü§îüò°üò°üò°,1,2024-08-04,Bank of Abyssinia,Google Play
The previous version is better it doesn't work,1,2024-08-04,Bank of Abyssinia,Google Play
"I don't know what is wrong with BOA as a bank in general. It's been going backwards since last year or so. The app is a disaster to use in every possible way. Not stable to log in and very slow to perform transactions, couldn't take a screenshot (or can't even find the pictures even using its save screenshot option). Most of the time, it fails to perform transactions and so on. Simply, it's the worst!",1,2024-08-03,Bank of Abyssinia,Google Play
ok,5,2024-08-03,Bank of Abyssinia,Google Play
Nice,5,2024-08-03,Bank of Abyssinia,Google Play
"Take some note from CBE mobile banking app, it's the best banking app currently take some note and improve ur app . Sometimes u have to learn from the bests üôå",1,2024-08-03,Bank of Abyssinia,Google Play
Great,5,2024-08-03,Bank of Abyssinia,Google Play
It's a useless app,1,2024-08-02,Bank of Abyssinia,Google Play
"It's not working as it was , so much need to improve, it was the best but not anymore",2,2024-08-01,Bank of Abyssinia,Google Play
Poor network,1,2024-08-01,Bank of Abyssinia,Google Play
Not yet completely working this App. i don't know when is it will be working properly! Its Sad!!!,1,2024-07-31,Bank of Abyssinia,Google Play
The app does not open sometimes it says coonection issue which i dont have and after it opens it has bugs while using its not smooth to work with please improve it,1,2024-07-31,Bank of Abyssinia,Google Play
"It's not working totally, what a useless app is it,",1,2024-07-31,Bank of Abyssinia,Google Play
"This app has become the most troubling every day. It doesn't work. I love the bank, and I hate the app",1,2024-07-31,Bank of Abyssinia,Google Play
this is so disappointing app üòû,1,2024-07-31,Bank of Abyssinia,Google Play
·ä†·â¢·àµ·äí·ã´ ·ã®·àÅ·àâ·àù ·àù·à≠·å´,5,2024-07-29,Bank of Abyssinia,Google Play
Ok,5,2024-07-29,Bank of Abyssinia,Google Play
Nays,5,2024-07-28,Bank of Abyssinia,Google Play
The worst app,1,2024-07-28,Bank of Abyssinia,Google Play
it can't even open and only display error messages,1,2024-07-27,Bank of Abyssinia,Google Play
not active,1,2024-07-27,Bank of Abyssinia,Google Play
To get good quality,5,2024-07-27,Bank of Abyssinia,Google Play
·ä†·ã≠·à∞·à´·àù ·ä•·äÆ ·àù·äï·ãµ·äï ·äê·ãç ·âΩ·åç·à©?,1,2024-07-26,Bank of Abyssinia,Google Play
uselss app dont download,1,2024-07-26,Bank of Abyssinia,Google Play
"Is this app fake i try it not working it say please try again later, unable to make transactions what is the purpose of this app . If it is not working delete it",1,2024-07-25,Bank of Abyssinia,Google Play
"This app didn't work. They have a new version (new app) but still not compatible with my Samsung S8+ , which is v.funny.",1,2024-07-25,Bank of Abyssinia,Google Play
Corrupted and poor app,1,2024-07-24,Bank of Abyssinia,Google Play
Good,1,2024-07-24,Bank of Abyssinia,Google Play
When I try to use the application it says 'developer setting should be off' where is the setting to off this play Still doesn't work for me,3,2024-07-24,Bank of Abyssinia,Google Play
Nice,5,2024-07-24,Bank of Abyssinia,Google Play
FIX YOUR Apollo!! You guys where the best üëå,1,2024-07-23,Bank of Abyssinia,Google Play
Always slow and doesn't work on weekends if you are in a rush or a merchant this app is not for you,1,2024-07-23,Bank of Abyssinia,Google Play
"It's very difficult to use the user, app,ones dawenload the user can't operate well , no one can help me,",1,2024-07-23,Bank of Abyssinia,Google Play
Poor application. It turned off by itself,1,2024-07-23,Bank of Abyssinia,Google Play
Okay,5,2024-07-23,Bank of Abyssinia,Google Play
Allowed,5,2024-07-23,Bank of Abyssinia,Google Play
It usually crashes and the reason it gives is a problem on internet connection although the internet was fine.,1,2024-07-23,Bank of Abyssinia,Google Play
we want international mobile banking,1,2024-07-22,Bank of Abyssinia,Google Play
"screenshot isn't working, Please modify it",2,2024-07-22,Bank of Abyssinia,Google Play
Naziriet measho 89160437,1,2024-07-22,Bank of Abyssinia,Google Play
Ahmed Mohammed husen,3,2024-07-21,Bank of Abyssinia,Google Play
Is not working both this one and apollo did u make it better pls am gonne stop using this bank because of the mobile banking,1,2024-07-19,Bank of Abyssinia,Google Play
I have experiance,5,2024-07-19,Bank of Abyssinia,Google Play
The App is not working on Android 9.1 at all. It shows an error notification and forcefully closes the app. Must be fixed ASAP.,1,2024-07-19,Bank of Abyssinia,Google Play
Wow,5,2024-07-19,Bank of Abyssinia,Google Play
Crashes very frequently is not stable overall need improvement such a huge bank needs a better app than the current one,1,2024-07-19,Bank of Abyssinia,Google Play
·à≠·ã≠·à≠·çç,3,2024-07-19,Bank of Abyssinia,Google Play
The previous application is much better than this one,1,2024-07-18,Bank of Abyssinia,Google Play
"Worst app. It is wise to invest money and you can make it like CBE app. Even the incon has no image. My app has better UI than yours. So, please invest more and hire professional developer companies and improve it.",1,2024-07-18,Bank of Abyssinia,Google Play
mal,5,2024-07-16,Bank of Abyssinia,Google Play
It is not working at all,1,2024-07-16,Bank of Abyssinia,Google Play
Excellent,5,2024-07-16,Bank of Abyssinia,Google Play
The poorest mobile banking survice ever. Only error reports frequently,1,2024-07-16,Bank of Abyssinia,Google Play
Wow,5,2024-07-16,Bank of Abyssinia,Google Play
üòûüòûüòûüòû,1,2024-07-16,Bank of Abyssinia,Google Play
I like this mobile banking app very much. Overall user interface and navigation is awesome. But it lacks instant response when someone deposit or withdraw money.,2,2025-06-07,Dashen Bank,Google Play
love,3,2025-06-06,Dashen Bank,Google Play
·àò·â∏·à∏·å†,5,2025-06-03,Dashen Bank,Google Play
wow,5,2025-06-03,Dashen Bank,Google Play
gadaa,5,2025-06-01,Dashen Bank,Google Play
Massive upgrade from the Amole app.,5,2025-05-31,Dashen Bank,Google Play
good,4,2025-05-31,Dashen Bank,Google Play
very good for this app,5,2025-05-31,Dashen Bank,Google Play
top,5,2025-05-31,Dashen Bank,Google Play
this app better than Amole . but the biometric on new update doesn't work,4,2025-05-31,Dashen Bank,Google Play
Wow,5,2025-05-30,Dashen Bank,Google Play
good,5,2025-05-30,Dashen Bank,Google Play
wow to it saff and this app,5,2025-05-30,Dashen Bank,Google Play
it too slow,3,2025-05-29,Dashen Bank,Google Play
·ã≥·àΩ·äï ·â£·äï·ä≠ ·ã≠·àà·ã´·àç,4,2025-05-28,Dashen Bank,Google Play
real life changer,5,2025-05-28,Dashen Bank,Google Play
üëçüëçüëç,5,2025-05-28,Dashen Bank,Google Play
good,5,2025-05-28,Dashen Bank,Google Play
nice application,5,2025-05-27,Dashen Bank,Google Play
good,5,2025-05-27,Dashen Bank,Google Play
wow,5,2025-05-27,Dashen Bank,Google Play
useless app ever loading take long,1,2025-05-27,Dashen Bank,Google Play
"Game changer app! Dashen Bank Super App is fast, secure, and easy to use. The three-click payment makes sending money super quick, and the QR code payment is perfect for cashless shopping. I also love the biometric login and easy airtime and bill payments. Everything I need is in one place. Dashen Bank has really raised the bar for digital banking in Ethiopia. Highly recommended!",5,2025-05-26,Dashen Bank,Google Play
very useful App,1,2025-05-26,Dashen Bank,Google Play
"Simple, robust features? Yes, please! But the endless loading screen killed the fun‚ÄîI couldn‚Äôt use it for days. Fix the glitch, and I‚Äôll yeet a higher rating!",2,2025-05-26,Dashen Bank,Google Play
Wawww,5,2025-05-24,Dashen Bank,Google Play
it is good but some times says duplicate transaction why?,5,2025-05-24,Dashen Bank,Google Play
very Nice,5,2025-05-23,Dashen Bank,Google Play
its best,5,2025-05-23,Dashen Bank,Google Play
it is not as good as to the other mobile bank app.,1,2025-05-22,Dashen Bank,Google Play
"The best of best is now arrived **Empowering Your Financial Freedom** ""Experience seamless banking at your fingertips with Dashen Bank. Empowering your financial freedom, anytime, anywhere!"" **Innovation Meets Convenience** ""Dashen Bank Mobile Banking: Where innovation meets convenience. **Secure and Reliable** ""Bank with confidence",5,2025-05-22,Dashen Bank,Google Play
wow,5,2025-05-20,Dashen Bank,Google Play
Nothing is changed in the updated version. You have been collecting comments but where is the feed back you improved in this version. superapp is mot functioning today.,4,2025-05-20,Dashen Bank,Google Play
good,5,2025-05-20,Dashen Bank,Google Play
its best,5,2025-05-19,Dashen Bank,Google Play
The best app ever in finance sector,5,2025-05-18,Dashen Bank,Google Play
Its good app than other compitators but it confuse when we transfer it needs OTP and PIN most user inter their pin instead of OTP we know the litrecy level of our society so if it is device based i dont know the needs of OTP so please try to fix,3,2025-05-18,Dashen Bank,Google Play
dashen bank or dashen super app?,1,2025-05-17,Dashen Bank,Google Play
wowwwe app,5,2025-05-17,Dashen Bank,Google Play
"Transferring to other bank accounts is a hastle and inconvenient .Get used to seeing "" please try again """,2,2025-05-17,Dashen Bank,Google Play
good,5,2025-05-16,Dashen Bank,Google Play
always lagging,1,2025-05-16,Dashen Bank,Google Play
Amazing Application...,5,2025-05-16,Dashen Bank,Google Play
Fantastic,5,2025-05-16,Dashen Bank,Google Play
"Dashen bank app is very good, but sometimes it is not working well",5,2025-05-15,Dashen Bank,Google Play
its my choice,5,2025-05-15,Dashen Bank,Google Play
wow apo,5,2025-05-15,Dashen Bank,Google Play
awesome app keep going,5,2025-05-14,Dashen Bank,Google Play
wow,5,2025-05-14,Dashen Bank,Google Play
üëç,5,2025-05-14,Dashen Bank,Google Play
"It grows ethiopian digital banking step ahead.All fetures in one,simple fast and convince.",5,2025-05-14,Dashen Bank,Google Play
Game changer,5,2025-05-13,Dashen Bank,Google Play
Totally amazing,5,2025-05-13,Dashen Bank,Google Play
super üòé,5,2025-05-13,Dashen Bank,Google Play
what a helpful app!!!!,5,2025-05-13,Dashen Bank,Google Play
Good,4,2025-05-13,Dashen Bank,Google Play
nice,5,2025-05-13,Dashen Bank,Google Play
wow,5,2025-05-13,Dashen Bank,Google Play
"To be honest, best banking and lifestyle app in Ethiopia.",5,2025-05-12,Dashen Bank,Google Play
fast,5,2025-05-12,Dashen Bank,Google Play
"A must have, seamless, all in one digital platform ""DB Superapp""! Keep living your motto ""Always one step ahead""",5,2025-05-12,Dashen Bank,Google Play
"This App makes digital banking effortless and convenient. User-friendly interface, secure transactions, and excellent features for managing finances efficiently.",4,2025-05-10,Dashen Bank,Google Play
good,5,2025-05-09,Dashen Bank,Google Play
Amazing app super easy to use and best design. loved it.,5,2025-05-09,Dashen Bank,Google Play
its the best ever,5,2025-05-09,Dashen Bank,Google Play
nice,5,2025-05-08,Dashen Bank,Google Play
excellent game changer App,5,2025-05-08,Dashen Bank,Google Play
I am highly excited by using this application and it is the most favorable as well as preferrable mobile app.,5,2025-05-03,Dashen Bank,Google Play
it seems me logging out within minutes,1,2025-05-03,Dashen Bank,Google Play
nice app especially GUI and I have got some error when you send within dashen bank the receipter is not get SMS notification,4,2025-05-03,Dashen Bank,Google Play
yes i want dashen super open,5,2025-05-02,Dashen Bank,Google Play
Best App,5,2025-05-02,Dashen Bank,Google Play
faster than this version,5,2025-05-01,Dashen Bank,Google Play
"Best UI mobile banking app, props to design team",5,2025-04-30,Dashen Bank,Google Play
thank you,4,2025-04-30,Dashen Bank,Google Play
great app,5,2025-04-30,Dashen Bank,Google Play
bad.,1,2025-04-30,Dashen Bank,Google Play
Dashen bank always one step ahead,5,2025-04-30,Dashen Bank,Google Play
dashen super app is secure band very easy,5,2025-04-29,Dashen Bank,Google Play
It is very fast and secured mobile banking app! I like this app!,5,2025-04-29,Dashen Bank,Google Play
best app I have ever seen,5,2025-04-29,Dashen Bank,Google Play
best of best,5,2025-04-29,Dashen Bank,Google Play
waw,5,2025-04-28,Dashen Bank,Google Play
best app,5,2025-04-28,Dashen Bank,Google Play
Its slow when i try to see the Recent Transaction and stucked,1,2025-04-28,Dashen Bank,Google Play
wowslnwoooo wowwww amazing !!!!!!!!,5,2025-04-28,Dashen Bank,Google Play
wow appl,5,2025-04-28,Dashen Bank,Google Play
why do i have to change a pin number i use my finger print so dummy,1,2025-04-27,Dashen Bank,Google Play
very nice,5,2025-04-26,Dashen Bank,Google Play
great,4,2025-04-26,Dashen Bank,Google Play
"It is very slow and it lacks many features to be a super app. High rating is given by their employees, not by the customers.",1,2025-04-25,Dashen Bank,Google Play
"Smooth and secure experience transfers, bill payments, and tracking expenses are all effortless. The intuitive design makes banking on the go.",5,2025-04-24,Dashen Bank,Google Play
Very easy and Fast.,5,2025-04-24,Dashen Bank,Google Play
Incomparably user-friendly and fast app for mobile banking.,5,2025-04-24,Dashen Bank,Google Play
"there is nothing super about this app, repeatedly failed transaction and wastes customer valuable time. if you have to do system upgrade do it at a time when there is less traffic demand. your Technical difficulty should not be reflected on customer.",2,2025-04-24,Dashen Bank,Google Play
execellent,5,2025-04-24,Dashen Bank,Google Play
"This super app is a total game-changer‚Äîfast, reliable, and packed with everything I need in one place. It‚Äôs seamless and super convenient. Love it!""",5,2025-04-23,Dashen Bank,Google Play
All in One ‚úçÔ∏èsecure ‚úçÔ∏èreliable ‚úçÔ∏èconvenient. Digital banking game changer!!,5,2025-04-23,Dashen Bank,Google Play
it is incredible product.,5,2025-04-23,Dashen Bank,Google Play
"I'm really impressed with this app! It‚Äôs user-friendly, runs smoothly, and has all the features I need. Makes my tasks so much easier and saves me a lot of time. Highly recommended!",5,2025-04-23,Dashen Bank,Google Play
best app,5,2025-04-23,Dashen Bank,Google Play
ok,5,2025-04-23,Dashen Bank,Google Play
"It's an amazing app, experience it!!",5,2025-04-23,Dashen Bank,Google Play
This is the best banking app ever. I recommend everyone to use it.,5,2025-04-23,Dashen Bank,Google Play
It is the best application!!!,5,2025-04-22,Dashen Bank,Google Play
"Exceptional digital experience, SupperApp will bring new paradigm shift in the banking business. Bravo Dashen keep it up!!!!",5,2025-04-22,Dashen Bank,Google Play
its features are so dynamic,5,2025-04-22,Dashen Bank,Google Play
fast &Friendly user Application.,5,2025-04-22,Dashen Bank,Google Play
"Fast, Reliable and User Friendly. Keep it Up",5,2025-04-22,Dashen Bank,Google Play
"#dashen super app is easy to use, secure & fast transactionüòç",5,2025-04-22,Dashen Bank,Google Play
i love this app esp 3 click that make e-commerce easier and convinient.,5,2025-04-22,Dashen Bank,Google Play
Dashen Super App contains extended selections for customers and can be easily accessible and also friendly to use.,5,2025-04-22,Dashen Bank,Google Play
Great for everyday banking and payments on the go,5,2025-04-22,Dashen Bank,Google Play
"""Dashen Super App'' is impressive with its focus on simplicity, speed, and quality. The user interface is clean and easy to understand. Transactions process quickly, and the overall quality of the app is top-notch. A must-have for Dashen Bank customers. ·ã≥·à∏·äï ·â£·äï·ä≠ ·ä†·äï·ãµ ·ä•·à≠·àù·åÉ ·âÄ·ã≥·àö·ç¢",5,2025-04-22,Dashen Bank,Google Play
making transactions has never been easier. the new update is just amazing,5,2025-04-22,Dashen Bank,Google Play
"The app has various usefull functions, which make easy the payment system. Also, it will connect with sellers having reasonable prices.",5,2025-04-22,Dashen Bank,Google Play
The app has great user interface with comprehensive payments and E-commerce platforms. And also it includes unique features such as chat Banking and budget.,5,2025-04-22,Dashen Bank,Google Play
betam mirt Ena betam le atikakem kelel Yale Ena michu application nw,5,2025-04-22,Dashen Bank,Google Play
Convenient!,5,2025-04-22,Dashen Bank,Google Play
It is an amazing application that meets the needs of customers.,5,2025-04-22,Dashen Bank,Google Play
Effecting payment via the app has created convenience to the recipients in easily confirming the payments received!,5,2025-04-22,Dashen Bank,Google Play
the best Supper App ever,5,2025-04-22,Dashen Bank,Google Play
"This is the best app ever, when is it planned to include digital lending and gasification?",5,2025-04-22,Dashen Bank,Google Play
"A powerful, local solution that rivals any global app. I love how easy it is to explore services and products.",5,2025-04-22,Dashen Bank,Google Play
Dashen bank is my number one choice,5,2025-04-22,Dashen Bank,Google Play
Assefa Genetu = Dashen superup is the latest and inclussive .I am happy with this super up.,5,2025-04-22,Dashen Bank,Google Play
"The App is incredibly user-friendly and brings multiple services into one place. It's fast, intuitive, and makes daily tasks super convenient. A true all-in-one solution!",5,2025-04-21,Dashen Bank,Google Play
"Proudly made in Ethiopia, this innovation delivers more than promised. The marketplace is a major boost for local commerce",5,2025-04-21,Dashen Bank,Google Play
it so fanrastic and user friendly app. Bravo Dashen bank thanks.,5,2025-04-21,Dashen Bank,Google Play
"one of the best digital platforms I've used! from smooth transactions to a seamless shopping experience, highly recommended.",5,2025-04-21,Dashen Bank,Google Play
A proudly Ethiopia innovation that delivers beyond expectations. The marketplace feature is a big win for local shoppers bnd sellers,5,2025-04-21,Dashen Bank,Google Play
"Dashen Super App is a game-changer! It‚Äôs fast, user-friendly, and packed with features that make everyday banking and transactions super convenient. I love how everything I need from mobile banking to utility payments is all in one place. The interface is clean, and everything works smoothly. Definitely one of the best apps out there. Highly recommended!",5,2025-04-21,Dashen Bank,Google Play
Easy to use and has many options. It is the best financial app I have ever used.,5,2025-04-21,Dashen Bank,Google Play
"Highly impressed! Dash Bank really nailed it with this app. Secure, reliable, and packed with features I use daily",5,2025-04-21,Dashen Bank,Google Play
"One of the best digital platforms I‚Äôve used! From smooth transactions to a seamless shopping experience, Highly recommended",5,2025-04-21,Dashen Bank,Google Play
"This app has everything I was looking for, dashen is becoming a grandmaster.",5,2025-04-21,Dashen Bank,Google Play
Very convenient,5,2025-04-21,Dashen Bank,Google Play
"The user experience is seamless, and everything just works perfectly right out of the box. I can‚Äôt believe how much time and effort it saves me every day.",5,2025-04-21,Dashen Bank,Google Play
wawwwww what nice super app !!keep it up dashen bank !!,5,2025-04-21,Dashen Bank,Google Play
"Dashen SuperApp the ultimate all-in-one solution! From banking and shopping to bill payments, everything you need is right at your fingertips. Life just got a whole lot easier!",5,2025-04-21,Dashen Bank,Google Play
"It is,really super because of its unique offerings to individuals and businesses.It is a secure UX first app intended to cater comprehensive digital meeds.I am also happy to know that Dashen is considering to make the app more inclusive by lowering the mobile version requirements .",5,2025-04-21,Dashen Bank,Google Play
"the very easy, secured, fast and multifunctional dashen supper application I ever seen. dashen really one steps ahead!!!",5,2025-04-21,Dashen Bank,Google Play
"One app for everything! I can shop, manage my bank account , and do so much more . Truly a super app",5,2025-04-21,Dashen Bank,Google Play
one of the best digital platforms I‚Äôve used! From smooth transactions to a seamless shopping experie,5,2025-04-21,Dashen Bank,Google Play
"Dashen Bank super App is the most suitable, reliable, and fast digital banking system.",5,2025-04-21,Dashen Bank,Google Play
Excellent app.,5,2025-04-21,Dashen Bank,Google Play
This is what we call banking app. As professional I want banking app as simple as this and an app rich of features that align with my lifestyle.,5,2025-04-21,Dashen Bank,Google Play
thanks again,5,2025-04-21,Dashen Bank,Google Play
Super Easy To Use and Fast Transaction.,5,2025-04-21,Dashen Bank,Google Play
"I have an incredible experience with Dashen super app, what an amazing platform is it?. keep pioneering in technological advancement üëèüëèüëè",5,2025-04-21,Dashen Bank,Google Play
"i can't recommend the Dashen Super App enough! This app is truly a game changer for anyone looking for a seamless and efficient way to manage their daily life. It combines multiple essential services into one easy-to-use platform, saving time and simplifying tasks The user interface is modern, intuitive, and super responsive, making navigation a breeze. Whether it's banking, payment services, or accessing lifestyle features, everything is just a few clicks away!!",5,2025-04-21,Dashen Bank,Google Play
"The app is incredibly handy for managing multiple financial tasks, from bill payments to managing budgets. It‚Äôs saved me a lot of time and made banking way more convenient. Definitely worth checking out!",5,2025-04-21,Dashen Bank,Google Play
what an App,5,2025-04-21,Dashen Bank,Google Play
The new e-commerce feature is incredibly amazing and user friendly.,5,2025-04-21,Dashen Bank,Google Play
"dashen bank supper app is the most easy to use and have high speed,quality and I like features like chat,budget,fuel payment, and security for my opinion this product is techonolgy edge,this international standard thanks for product oweners (dashen bank)",3,2025-04-21,Dashen Bank,Google Play
"The Dashen supperapp is a revolutionary advancement in digital banking, combining exceptional usability, an intuitive interface and a seamless user experience. among its standout features are the integration of QR codes, account statement, transaction advise, chat, transaction authentication for limit thresholds, budgeting and different app in a single dashboard. Truly ahead of the curve ..... keep up the excellent work ü§ùüëè",5,2025-04-21,Dashen Bank,Google Play
"A proudly Ethiopian innovation that delivers beyond expectations. The marketplace feature is a big win for local shoppers and sellers. Very impressed with the new updates, The e-commerce section is smooth and supports Ethiopian merchants!",5,2025-04-21,Dashen Bank,Google Play
"Very impressed with the new updates, The e-commerce section is smooth and supports Ethiopian merchants.",5,2025-04-21,Dashen Bank,Google Play
"Dashen Bank Super App is fast, reliable, and super easy to use. All my banking needs are handled smoothly in one place. Clean design and seamless experience ‚Äì highly recommended!",5,2025-04-21,Dashen Bank,Google Play
"Db sup app is A platform or an application that can grasp more satisfactions through fastest mode of operation which means for budget planning, to use QR code(scan, pay, go) chat with staff, acc to acc other bank ft, merchant payment, and easly. I addition to i satisfied and i invite everyone to use those platform!!.",5,2025-04-21,Dashen Bank,Google Play
the chat banking and unique and only app that alow money request!!,5,2025-04-21,Dashen Bank,Google Play
Better and inclusive app!,5,2025-04-21,Dashen Bank,Google Play
Amazing Application,5,2025-04-21,Dashen Bank,Google Play
It keep my time to pay my bills and I generate my satment easily,5,2025-04-21,Dashen Bank,Google Play
"It's an amazing app that is up-to-date with the times, wow wow",5,2025-04-21,Dashen Bank,Google Play
A game-changing Ethiopian innovation‚Äîwhere shopping meets opportunity. The marketplace feature connects buyers and sellers like never before.,5,2025-04-21,Dashen Bank,Google Play
"Dashen Super App isn‚Äôt just an app ‚Äî it‚Äôs an experience. Effortless, powerful, and built for the future",5,2025-04-21,Dashen Bank,Google Play
"This Is An Amazing App with Uniqe Quality,Easy And Fast Mobile Banking App.",5,2025-04-21,Dashen Bank,Google Play
"Dashen SuperApp is a lifesaver! Banking, shopping, and bills in one super easy app. The new e-commerce feature is awesome and supports local merchants. Fast, secure, and proudly Ethiopian.Download it now‚Äîyou won‚Äôt regret it!",5,2025-04-21,Dashen Bank,Google Play
"Dashen SuperApp blends finance, shopping, and daily services effortlessly. The new e-commerce feature is smooth and supports local merchants‚Äîproud to back an Ethiopian-made solution!",5,2025-04-21,Dashen Bank,Google Play
"A solid step forward by Dashen Bank. The SuperApp combines essential banking features with lifestyle services, making everything accessible in one place. The interface is smooth, and transactions are quick and reliable. It‚Äôs clear a lot of thought went into the design and functionality. Great job!",5,2025-04-21,Dashen Bank,Google Play
Dashen bank super app is the crucial and convenient app in Ethiopia. there is no other app to compare with Dashen bank super app,5,2025-04-21,Dashen Bank,Google Play
"All-in-one finance & e-commerce super app! Pay, save, shop seamlessly. Fast, secure. #BankAndShop",5,2025-04-21,Dashen Bank,Google Play
it's a hestorical app. in the bank industry.,5,2025-04-21,Dashen Bank,Google Play
"A game changer in Ethiopian digital banking fast, secure, and packed with services. Everything you need, all in one powerful app. A true leap toward financial convenience and innovation!",4,2025-04-21,Dashen Bank,Google Play
"easy &,simple to use",5,2025-04-21,Dashen Bank,Google Play
"Banking, but make it smart. Local solutions, all in one place. Smooth, fast, and actually saving time. Feels like the future. Love it!",5,2025-04-21,Dashen Bank,Google Play
"All in one, that is it üëå",5,2025-04-21,Dashen Bank,Google Play
", Dashen Bank Supper App is multipurpose, convenient, very attractive and Make life easier",5,2025-04-21,Dashen Bank,Google Play
very easy and flexible app.,5,2025-04-21,Dashen Bank,Google Play
"I choose Dashen Bank Super Up since, it is easy to use & it has attractive features !",5,2025-04-21,Dashen Bank,Google Play
dashen super app is simple faster and reliable.,5,2025-04-21,Dashen Bank,Google Play
"Dashen Bank Super App is a game-changer! The user-friendly design, wide range of services, and smooth performance make it incredibly convenient for everyday banking. It‚Äôs fast, secure, and truly reflects the bank‚Äôs commitment to digital excellence. Highly recommended!",5,2025-04-21,Dashen Bank,Google Play
"The app keeps getting better with every update! Smooth performance, great UI, and top-notch security. Thank you for making banking so convenient!""",5,2025-04-21,Dashen Bank,Google Play
this app is the most simply to use and secure safe i love it to use for any bank transaction,5,2025-04-21,Dashen Bank,Google Play
"After i download the app recently had a smooth expriance, its user friendly, fast, and everything works as expected. keep up the good work.",5,2025-04-21,Dashen Bank,Google Play
An app with High performance and advanced features!,5,2025-04-21,Dashen Bank,Google Play
"It is a very user friendly, attractive user interface, full of useful features. I really encourage everyone to give it a try.",5,2025-04-21,Dashen Bank,Google Play
"Good actually , but it have to WORK when developer option is on üôè",5,2025-04-21,Dashen Bank,Google Play
"All-in-one convenience, From managing accounts to paying bills and shopping online and the chat banking is game changer, this app does it all seamlessly.",5,2025-04-21,Dashen Bank,Google Play
I appreciate that Dashen Bank takes lifestyle services into account.,5,2025-04-21,Dashen Bank,Google Play
keep it up!,5,2025-04-21,Dashen Bank,Google Play
amazing app really i loved it .that's why we say dashen bank is one stap ahead. It's the best mobile application that should be on every phone.,5,2025-04-21,Dashen Bank,Google Play
very comfortable app keep it,5,2025-04-21,Dashen Bank,Google Play
it has clear detail information about the application so it helps customer how to use the app. and it is very easy to use and also app is secure.,5,2025-04-21,Dashen Bank,Google Play
"I have been using the Dashen Supper app mobile banking app , and overall, I appreciate its features.However,I‚Äôve noticed that when I turn on the developer options on my device, the app stops functioning properly. It would be great if you could look into this issue, as I often need to access developer settings for other applications . Thank you for your attention to this matter!",5,2025-04-21,Dashen Bank,Google Play
easiness to use with fast response time,5,2025-04-21,Dashen Bank,Google Play
"The new mobile banking application is a major upgrade! It‚Äôs incredibly user-friendly, with a clean and modern design that makes navigation simple and intuitive. I really appreciate how fast it loads and how smooth the overall experience is. All essential services like balance checks, transfers, and bill payments are eas y to find and use. The added security features give me peace of mind, and the app runs reliably without crashes or glitches. It‚Äôs clear a lot of thought went into the user experi",5,2025-04-21,Dashen Bank,Google Play
"As an Internal Customer, Dashen Bank SuperApp has greatly simplified my online banking experience. It's easy to use, allowing me to quickly check balances, transfer money and pay Bills. The app's advanced security features are highly secure, ensuring my data is well protected. The Three click, Chat Banking and IPS features have also given me a smarter experience. In deed Dashen Bank is always steping ahead!",5,2025-04-21,Dashen Bank,Google Play
"A truly impressive app ‚Äî user-friendly and a game-changer in Ethiopian banking. The Dashen Super App stands out as one of the most innovative and convenient digital banking solutions in Ethiopia‚Äôs financial history. Smooth navigation, seamless features, and a wide range of services all in one place. Well done!",5,2025-04-21,Dashen Bank,Google Play
dashen bank super up has very fast and convenience and also it has contain more things on one app .I am very interesting to use dashen bank super up,5,2025-04-21,Dashen Bank,Google Play
"The Dashen Bank Super App has truly elevated my mobile banking experience. It's fast, user-friendly, and packed with all the essential features. The interface is clean and intuitive, making navigation easy even for first-time users. I also appreciate the added security features that give me peace of mind while banking on the go. Dashen Bank has done an amazing job with this app‚Äîit‚Äôs reliable, efficient, and always improving. Highly recommended for anyone looking for seamless digital banking!",5,2025-04-21,Dashen Bank,Google Play
A fantastic product!! keep the good work.,5,2025-04-21,Dashen Bank,Google Play
"I am very impressed with the Dashen super app. It is user-friendly and operates efficiently. The budget and chatbot features are impressive, and all items can be purchased with just three clicks.",5,2025-04-21,Dashen Bank,Google Play
"The Dashen Super App offers a quick and user-friendly experience, bringing together a variety of services, like budgeting, payments, airtime recharges, and more, all in one convenient platform. Its sleek design and intuitive navigation ensure effortless transactions. It's evident that Dashen Bank has carefully crafted the app to make everyday financial activities easier. A great choice for anyone aiming to streamline their digital routines!",5,2025-04-21,Dashen Bank,Google Play
Dashen supper App is the most useful app for our customers,5,2025-04-21,Dashen Bank,Google Play
it is the most amazing mobile app,5,2025-04-21,Dashen Bank,Google Play
A Good and fast supper app thanks for dashen bank,5,2025-04-21,Dashen Bank,Google Play
"Dear Users of the Dashen Bank Super App,I have been using the Dashen Bank Super App for a while now, and I must say‚Äîit‚Äôs truly a game-changer! The app is incredibly fast and reliable; I‚Äôve never encountered any delays with my transactions. One feature I absolutely love is Chat Banking. It makes everyday tasks like checking my balance or transferring money as simple as sending a quick message. Also, the budgeting tool has been a huge help in tracking my spending and giving me a clearer",5,2025-04-21,Dashen Bank,Google Play
Too best,1,2025-04-21,Dashen Bank,Google Play
"Dashen Bank Super Up,use the app and makes your easy,fast,convinent.",5,2025-04-21,Dashen Bank,Google Play
To join digital world use supper app and make your life easy,5,2025-04-21,Dashen Bank,Google Play
best mobile banking application,5,2025-04-21,Dashen Bank,Google Play
"This banking superapp is incredibly well designed. The design and appearance of the app and the overall experience I have when using the app is fantastic. The app is packed with features from banking to e-commerce all in one place.It even has a budget setting option which is super useful for managing my money. Everything runs smoothly and I love how convenient it has made my daily life. Huge Kudos to Dashen Bank. You are truly living up to the motto ''Always one step ahead."" Keep it up!",5,2025-04-21,Dashen Bank,Google Play
I was really amazed by the idea of an e-commerce service on a banking app. This is what it means to be one step ahead. Please include all kinds of products in there as soon as possible.,5,2025-04-21,Dashen Bank,Google Play
this is what we expect to get service Dashen Bank always like his slogan,5,2025-04-21,Dashen Bank,Google Play
"Dashen SupApp is the most contemporary application, offering a great experience by enabling users to perform multiple tasks through a single platform‚Äîsuch as chatting with friends, transferring money, paying bills, and more. It is the first app of its kind in the Ethiopian banking industry, making it a remarkable opportunity for entrepreneurs working in app-based sales and software marketing. Good job, Dashen Bank!",5,2025-04-21,Dashen Bank,Google Play
Dashen Super App gives me an amazing convenience and makes life easy.,5,2025-04-21,Dashen Bank,Google Play
excellent mobile banking app,5,2025-04-21,Dashen Bank,Google Play
Wow! like his name Super App...,5,2025-04-21,Dashen Bank,Google Play
Dashen supper app is the most special. ·ã≠·àù·âæ·â± ·ã≠·àà·ã´·ã´·àç!!!!,5,2025-04-21,Dashen Bank,Google Play
convenient and fast,5,2025-04-21,Dashen Bank,Google Play
Best- in-class app.,5,2025-04-21,Dashen Bank,Google Play
I really like this amazing application and Dashen Supper app that has made my life easier.,5,2025-04-21,Dashen Bank,Google Play
Superb,5,2025-04-21,Dashen Bank,Google Play
"amazing features, faster and easy to use",5,2025-04-21,Dashen Bank,Google Play
"The Dashen Super App offers a modern, user-friendly experience that leverages the latest technological advancements to deliver a seamless e-commerce platform",5,2025-04-21,Dashen Bank,Google Play
Best App!,5,2025-04-21,Dashen Bank,Google Play
I love it. one of the best mobile banking app in the banking industry,5,2025-04-21,Dashen Bank,Google Play
I love this app,5,2025-04-21,Dashen Bank,Google Play
no working for me hulum information asgebiche continue or accept yemilew button ayeseram my phone is Samsung A51,1,2025-04-21,Dashen Bank,Google Play
good,5,2025-04-20,Dashen Bank,Google Play
waw no idea the best app.,5,2025-04-19,Dashen Bank,Google Play
fast best app,5,2025-04-19,Dashen Bank,Google Play
Nice App,5,2025-04-18,Dashen Bank,Google Play
nice app ever,5,2025-04-17,Dashen Bank,Google Play
good,5,2025-04-17,Dashen Bank,Google Play
very disappointing app. Closes frequently and unstable in function,2,2025-04-17,Dashen Bank,Google Play
"Feature-rich? Absolutely. But the speed? Painfully slow. Seriously, is it communicating with a server on Mars or something?",5,2025-04-16,Dashen Bank,Google Play
nic app,5,2025-04-16,Dashen Bank,Google Play
Nice,5,2025-04-16,Dashen Bank,Google Play
"The Dashen Super App delivers a remarkably fast, highly secure, and exceptionally user-friendly experience, establishing it as a leading application in its category.keep it up and stay ahead Dashen Bank.",5,2025-04-14,Dashen Bank,Google Play
So far so good! their in person customer service is amazing üëè,5,2025-04-14,Dashen Bank,Google Play
The app is very backward and doesn't always work. If it works three hours out of 24 hours it's great!üò•,1,2025-04-14,Dashen Bank,Google Play
·àù·à≠·å´·ã¨ ·äê·ãç,5,2025-04-13,Dashen Bank,Google Play
It's bad for the connection and too many days are it that not working,1,2025-04-12,Dashen Bank,Google Play
it's samart,5,2025-04-10,Dashen Bank,Google Play
"The app is not working properly, I have been using it.",1,2025-04-10,Dashen Bank,Google Play
it is very good app,5,2025-04-10,Dashen Bank,Google Play
"I had a disappointing experience with Dashen Bank's Super Up service. The app is very slow and takes forever to load during transactions, which is incredibly frustrating. Additionally, it doesn't generate receipts for any transactions, making it difficult to keep track of my expenses. I also reached out to customer support, but the response time was longer than expected. Overall, I was hoping for a better experience, but I find the service lacking and in need of improvement.",2,2025-04-09,Dashen Bank,Google Play
slow cumbersome,3,2025-04-08,Dashen Bank,Google Play
Is really üíÄ,2,2025-04-08,Dashen Bank,Google Play
It's slow to send OTP. it's not reliable. It crushed many times. It needs improvement in many ways,1,2025-04-07,Dashen Bank,Google Play
"This is the worst mobile banking experience I‚Äôve ever had. It doesn‚Äôt work when you need it, and it randomly updates itself without warning. You can‚Äôt make transactions whenever you want. It‚Äôs a nightmare for anyone who relies on this as their main banking option, especially those with a lot of money in their account. I‚Äôm lucky I‚Äôm not one of them, but still, it‚Äôs infuriating not being able to access your money when you need it.""l",1,2025-04-07,Dashen Bank,Google Play
"I have experienced on using the app of Banks in Ethiopia, this Dashen sup is like old version of the applications for using. I gave 3 star for it's very low speed while login and processing",3,2025-04-07,Dashen Bank,Google Play
proud by dashen bank,5,2025-04-06,Dashen Bank,Google Play
best,5,2025-04-06,Dashen Bank,Google Play
best of best,5,2025-04-05,Dashen Bank,Google Play
nice,5,2025-04-04,Dashen Bank,Google Play
This app is not working unless you turn off developer mode on your phone. So it takes your rights to just use it.,2,2025-04-04,Dashen Bank,Google Play
real super up,5,2025-04-04,Dashen Bank,Google Play
it's very disappointing fix it as soon as possible not expected from dashin bank fix it,1,2025-04-04,Dashen Bank,Google Play
why dashen bank workers hidden my ATM Card üèß?it's a big problem to me,5,2025-04-04,Dashen Bank,Google Play
good,5,2025-04-04,Dashen Bank,Google Play
tanku,5,2025-04-04,Dashen Bank,Google Play
very nice,5,2025-04-04,Dashen Bank,Google Play
perfect,5,2025-04-03,Dashen Bank,Google Play
goood,5,2025-04-02,Dashen Bank,Google Play
why does it ask me for both pin and opt even the opt is touch let alone both,2,2025-04-02,Dashen Bank,Google Play
it is best app easy to use,5,2025-04-01,Dashen Bank,Google Play
It is very easy to use and powerful application.,3,2025-04-01,Dashen Bank,Google Play
this apps have a good feature but but some features like developer mode turn off irritate user,3,2025-04-01,Dashen Bank,Google Play
"This is not only a mobile banking app, it is beyond that. We will access our account easily, we are able to get many information easily here. i.e. exchage rate. We are able to chat with others, we are able to budget, we are able to transfer to other bank and within Dashen. we are able to access many accounts in a single app, we are able to pay bills in QR scan, we are able to make payments and order delivery items here in a single app. #Always one step ahead.",5,2025-03-31,Dashen Bank,Google Play
wallahi very fantastic Bank,5,2025-03-31,Dashen Bank,Google Play
"Waw, It's amazing app. thank you Dashen Bank.",5,2025-03-31,Dashen Bank,Google Play
ok,5,2025-03-30,Dashen Bank,Google Play
nice app,5,2025-03-29,Dashen Bank,Google Play
"I‚Äôve been using the Dashen Bank Super App for a while now, and it‚Äôs been a game-changer. The app is super fast and reliable‚ÄîI‚Äôve never had an issue with transactions being delayed. One of my favorite features is the chat banking, which makes it so easy to do things like check my balance or transfer money just by typing a quick message. The budgeting tool is also really useful. It helps me keep track of my spending and gives me a clear picture of where",5,2025-03-28,Dashen Bank,Google Play
good,5,2025-03-28,Dashen Bank,Google Play
nice application,4,2025-03-27,Dashen Bank,Google Play
Very good app that like it too. B/c it is very fast and easy to use.,5,2025-03-26,Dashen Bank,Google Play
best experiences,5,2025-03-26,Dashen Bank,Google Play
too slow to use.,1,2025-03-26,Dashen Bank,Google Play
·å•·à© ·äê·ãç,5,2025-03-25,Dashen Bank,Google Play
the worst app in the market only good ui,1,2025-03-22,Dashen Bank,Google Play
nic,5,2025-03-22,Dashen Bank,Google Play
·â†·å£·àù ·âÖ·àç·àç ·ã´·àà ·ä†·çï ·â†·à≠·â±·àç·äï ·àà·ä†·å†·âÉ·âÄ·àù ·àù·âπ,5,2025-03-22,Dashen Bank,Google Play
thanks for all digital transaction,5,2025-03-21,Dashen Bank,Google Play
Good,4,2025-03-21,Dashen Bank,Google Play
Best,5,2025-03-20,Dashen Bank,Google Play
Good,5,2025-03-20,Dashen Bank,Google Play
"This app is not supporting smart phones that have old android version and so it is none inclusive. At the same time the amole lite is not working properly and once you reached to maximum otp trail mistakes due to network or other errors like stacks , you will be tied up to make Transactions. Ohh... tired!!!!!",1,2025-03-20,Dashen Bank,Google Play
it's Be Come Busy &not working good,1,2025-03-20,Dashen Bank,Google Play
I wanted to share some concerns about your Supper App. It appears to be experiencing reliability issues and isn‚Äôt performing as expected. I hope this can be addressed soon to improve the user experience. One star üåü for now.,1,2025-03-19,Dashen Bank,Google Play
"best ever digital banking sector essay for understanding ,smart and convince for using",5,2025-03-19,Dashen Bank,Google Play
good and latest,5,2025-03-18,Dashen Bank,Google Play
The best App of all,5,2025-03-17,Dashen Bank,Google Play
Worst app ever,1,2025-03-15,Dashen Bank,Google Play
"This app is the most unreliable mobile banking application I have ever used for transaction, it is very late, non-responsive and full of bugs. Its is very disappointing. It is just inconvinient, and not user friendly and compatabke at all !!!!!!",1,2025-03-14,Dashen Bank,Google Play
Naiycapp,5,2025-03-14,Dashen Bank,Google Play
Good,5,2025-03-13,Dashen Bank,Google Play
The app is good but it has no USSD option,4,2025-03-13,Dashen Bank,Google Play
Hey great,5,2025-03-12,Dashen Bank,Google Play
I have used many mobile banking and also tellebir and mpesa nothing come close to this app. Well done Dashen indeed one step a head. A lot of cool features that amole hasn't the receipt and the account statement is superb for me. I hope you add more integrated small apps to.,5,2025-03-12,Dashen Bank,Google Play
The app is good but it ask update every week so tiring,2,2025-03-11,Dashen Bank,Google Play
It good and easy to use,5,2025-03-11,Dashen Bank,Google Play
·â†·å£·àù ·ä†·à™·çç ·àò·â∞·åç·â†·à™·ã´ ·äê·ãç ·ç¢ ·ä†·àò·à†·åç·äì·àà·àÅ ·ç¢,5,2025-03-10,Dashen Bank,Google Play
"Greately improved since it was released! I really like the budget and expense tegistration feature. For ATM or POS withdrawals, it is not possible to account these expenses, even if it is visible on the transactions window. If that can be worked on, it will be improve so much!!",5,2025-03-10,Dashen Bank,Google Play
Excellent,5,2025-03-10,Dashen Bank,Google Play
Good,5,2025-03-08,Dashen Bank,Google Play
Wow Excellent app,5,2025-03-08,Dashen Bank,Google Play
Nice app but i experience some issues with others banks transfer it keeps saying account is not exist most of the time.,4,2025-03-08,Dashen Bank,Google Play
Add the option to send money to any telebirr account like amole does.,3,2025-03-08,Dashen Bank,Google Play
It's best,5,2025-03-08,Dashen Bank,Google Play
no one dashen yichlal,5,2025-03-07,Dashen Bank,Google Play
In short ! I'm so proud of this app developers for their highest professional of developing. Thanks,5,2025-03-06,Dashen Bank,Google Play
The speed is too slow. Need some improvements.,2,2025-03-06,Dashen Bank,Google Play
good app,5,2025-03-04,Dashen Bank,Google Play
Fantastic app,5,2025-03-01,Dashen Bank,Google Play
Good,5,2025-02-28,Dashen Bank,Google Play
I wish dark mode feature is add as an option but it's good app,5,2025-02-27,Dashen Bank,Google Play
"Super Up is the ultimate digital banking app, living up to its name with speed, efficiency, and innovation. Designed for a seamless experience, it offers lightning-fast transactions, top-tier security, and effortless financial management. With Super Up, banking has never been this smooth, smart, and super!",5,2025-02-26,Dashen Bank,Google Play
"The Dashen Super App is a game-changer in digital banking, offering a seamless and convenient experience. With its user-friendly interface, fast transactions, and a wide range of financial services, it simplifies banking for customers. Features like bill payments, fund transfers, mobile top-ups, and loan applications make it an all-in-one solution. Plus, its security measures ensure safe and reliable Experiance effortless banking",5,2025-02-26,Dashen Bank,Google Play
·ä®·å∞·äê·å®·ã®·å†,2,2025-02-26,Dashen Bank,Google Play
"It has good feature. But, it is Very Slow! difficult to pay or receive. The Speed should be improved, else I didn't recommend.",2,2025-02-24,Dashen Bank,Google Play
Excellent app,5,2025-02-24,Dashen Bank,Google Play
·ä†·çï·àç·ä¨·àΩ·äë ·ä†·à™·çç ·àÜ·äñ ·à≥·àà ·â¥·àå·â•·à≠ ·ãà·ã∞·à´·àµ ·â•·âª ·àà·àù·äï ·àÜ·äê ·ä•·äï·ã∞ ·ãµ·àÆ·ãç ·àà·à∞·ãç·àù ·àò·àã·ä≠ ·â¢·âª·àç,4,2025-02-22,Dashen Bank,Google Play
No good,1,2025-02-22,Dashen Bank,Google Play
Wow amazing app,5,2025-02-21,Dashen Bank,Google Play
best platform... Please avoid otp,5,2025-02-21,Dashen Bank,Google Play
Super smart app.,5,2025-02-18,Dashen Bank,Google Play
best üëçüëç,5,2025-02-16,Dashen Bank,Google Play
I don't know what happens but the application is not send verification pass code you should fix that,1,2025-02-16,Dashen Bank,Google Play
This app doesn't work on my phone my phone is Samsung Galaxy s7 android version 9 All other financial apps work like telebirr CBE M_pesa...,1,2025-02-14,Dashen Bank,Google Play
"Dashen Super app is secure, very easy to use and has more services uniquely like budgeting, chat, IPS...",5,2025-02-14,Dashen Bank,Google Play
Amazing and user friendly supper app and looking forward the additional features,5,2025-02-14,Dashen Bank,Google Play
it's amazing app i have seen ever,5,2025-02-13,Dashen Bank,Google Play
One star deducted for not to able to transfer to telebirr.,4,2025-02-13,Dashen Bank,Google Play
·å•·à© ·äê·ãç ·åç·äï ·â†·ã∞·äï·â• ·àä·à∏·àª·àç ·ã≠·åà·â£·àç,4,2025-02-13,Dashen Bank,Google Play
·çç·å•·äê·â± ·â†·å£·àù ·ä†·à™·çç ·äê·ãç! ·ä•·äì ·âÄ·àà·àç ·ã´·àà ·äê·ãç ! ·äê·åà·à≠ ·åç·äï ·â∞·å®·àõ·à™ ·ãà·ã∞ ·â¥·àå·â•·à≠ ·ä§·åÄ·äï·âµ ·àò·àã·ä™·ã´ ·ä†·çï ·â¢·ä´·â∞·âµ·â†·âµ ·å•·à© ·äê·ãç::,4,2025-02-12,Dashen Bank,Google Play
Keep up the good work and pleas add water and electric utility payment,5,2025-02-12,Dashen Bank,Google Play
The app missed some important features 1. It does't show recent transactions 2. Transfer to Telebirr limited to own telebirr 3. The statement does't show running balance,2,2025-02-11,Dashen Bank,Google Play
"Simple, Fast and Easy ‚≠ê‚≠ê‚≠êüéâ",4,2025-02-10,Dashen Bank,Google Play
"·ã®·àö·åà·à≠·àù aplication ·äê·ãç, ·äê·åà·à≠ ·åç·äï ·â•·à≠ ·âµ·à´·äï·àµ·çà·à≠ ·à≤·ã∞·à®·åç ·ã´·àà ·çí·äï ·àò·àÜ·äë risk ·ä†·àà·ãç ·àÅ·àâ ·åä·ãú ·ã® ·âµ·à´·äï·àµ·çà·à≠ ·àò·ã∞·àù·ã∞·àö·ã´ ·çí·äï ·àò·àÜ·äï ·ä†·àà·â†·âµ!!!!!!!!!!!!:: ·ä†·à± ·â¢·àµ·â∞·ä´·ä®·àç 5 star ·ä†·àµ·ä®·ãõ·ãç ·åç·äï 4 ·à∞·å•·âª·àà·ãç::",4,2025-02-09,Dashen Bank,Google Play
Baankii daashin baankii hudna galeessa galatoomaa isinii woliin jirra Godina jimmaa magaalaa Aggaaroo irraa Muaz Abamecha Abamilki,5,2025-02-07,Dashen Bank,Google Play
Good,5,2025-02-07,Dashen Bank,Google Play
It doesn't work,1,2025-02-07,Dashen Bank,Google Play
"#Dashen Super App; Super easy to use, secure, and fast transaction. Love it!",5,2025-02-07,Dashen Bank,Google Play
"I tried the new Dash Bank Super App today, and it's amazingly easy and fun.I recommend you download and use it. You really like it",5,2025-02-06,Dashen Bank,Google Play
Gud app kegza ga mezmn endze new aind ermjh kedme nachu hlam,5,2025-02-06,Dashen Bank,Google Play
"Good app, bad security",3,2025-02-06,Dashen Bank,Google Play
On Transaction page only show sent Transaction. Try to include received transaction.,4,2025-02-06,Dashen Bank,Google Play
Wonderful Application üòç,5,2025-02-05,Dashen Bank,Google Play
I loved it,5,2025-02-05,Dashen Bank,Google Play
·ä†·àÅ·äï ·åà·äì ·ä†·äï·ãµ ·ä•·à≠·àù·åÉ ·âÄ·ã∞·àõ·âΩ·ãç,5,2025-02-04,Dashen Bank,Google Play
I am so thankful for having this best app Dashen one step ahead,5,2025-02-04,Dashen Bank,Google Play
Not good this app,1,2025-02-04,Dashen Bank,Google Play
Best app,5,2025-02-04,Dashen Bank,Google Play
Excellent app ever but it needs improvement on speed and transaction lists,1,2025-02-03,Dashen Bank,Google Play
Perfect,5,2025-02-02,Dashen Bank,Google Play
"It does not work functional ,",1,2025-02-02,Dashen Bank,Google Play
Ok,5,2025-02-02,Dashen Bank,Google Play
all of dashen bank customers use the application it is good to use,5,2025-02-01,Dashen Bank,Google Play
Gret experience,5,2025-02-01,Dashen Bank,Google Play
All good we need more,3,2025-01-31,Dashen Bank,Google Play
"Dashen super app is easy to use, fast and robust",5,2025-01-31,Dashen Bank,Google Play
it was amazing app.....thank you dashen bank....,5,2025-01-30,Dashen Bank,Google Play
Dashen bank super app for easy life.,5,2025-01-30,Dashen Bank,Google Play
Excellent UI/UX and beyond Banking servicesüëçüëç,5,2025-01-30,Dashen Bank,Google Play
Send to oher bank ·ã®·àö·àà·ãâ ·ãâ·àµ·å• ·åà·â•·â∞·äï ·ãà·ã∞ addisinternational bank ·àà·àò·àã·ä≠ ·ä†·ã≠·à∞·à´·àù ·àÅ·àà·â∞·äõ ·ã∞·åç·àû ·ãà·ã∞ cbe birr ·àà·àò·àã·ä≠ account number ·ã≠·å†·ã≠·âÉ·àç ·àû·â£·ã≠·àç ·äê·â†·à≠ ·äê·ãâ ·àò·å†·ã®·âÖ ·ã´·àà·â†·âµ ·ã≠·àò·àµ·àà·äõ·àç,2,2025-01-29,Dashen Bank,Google Play
Best,5,2025-01-29,Dashen Bank,Google Play
Just Wow,5,2025-01-29,Dashen Bank,Google Play
mobile banking to the next level,5,2025-01-28,Dashen Bank,Google Play
Nice,5,2025-01-25,Dashen Bank,Google Play
The first 3 star review is me,3,2025-01-25,Dashen Bank,Google Play
Is not working,1,2025-01-25,Dashen Bank,Google Play
"Fast, reliable and user friendly. Amazing chatting features. Keep it up! Always one step ahead!",5,2025-01-24,Dashen Bank,Google Play
V good ‚ùóÔ∏è,5,2025-01-24,Dashen Bank,Google Play
"This app is literally the best thing ever The chat banking is so easy just text and it‚Äôs done Super smooth, fast, and honestly a life saverIf you haven‚Äôt downloaded it yet you‚Äôre missing out big time",5,2025-01-23,Dashen Bank,Google Play
I only see white page,2,2025-01-23,Dashen Bank,Google Play
Excellent banking app for all your needs! Who needs a physical branch when you can use Dashen Bank Super App Instead! I've never had an issue with anything that Dashen Bank Super App haven't handled swiftly and resolved to my satisfaction and above I don't often write reviews but this is an app/bank that I would highly recommended to everyone üíØ üëåüëç,5,2025-01-22,Dashen Bank,Google Play
Amizing Application üòç,5,2025-01-22,Dashen Bank,Google Play
Fastest and easy to use,5,2025-01-22,Dashen Bank,Google Play
Ok,5,2025-01-21,Dashen Bank,Google Play
·å•·à© ·äê·ãç,5,2025-01-21,Dashen Bank,Google Play
·àµ·àù ·â•·âª üòè,2,2025-01-21,Dashen Bank,Google Play
Exellent app with exellent banking system and exellent bank ever,5,2025-01-21,Dashen Bank,Google Play
Amazing app to use as usual! But why option of transferring to Telebirr and M pesa which was available on Amole app is omitted?? Dasheen is my favourite keep it up.,4,2025-01-20,Dashen Bank,Google Play
Needs some improvement,5,2025-01-20,Dashen Bank,Google Play
Amazing,5,2025-01-20,Dashen Bank,Google Play
Amazing super app,5,2025-01-19,Dashen Bank,Google Play
I hope it will be better than amole,5,2025-01-18,Dashen Bank,Google Play
Wly Super App ilove it ‚ù§Ô∏è üòç üíñ üíï,5,2025-01-18,Dashen Bank,Google Play
Wow,5,2025-01-17,Dashen Bank,Google Play
Dashen yichalal. Ewnetem one step a head,5,2025-01-17,Dashen Bank,Google Play
It has a Good performance but need more upgrade for more performance like when we login account not be fast balance show other thing looking good. Carry on. Thanks so much for Greatest service,4,2025-01-17,Dashen Bank,Google Play
"It is a very wonderful work that has saved its time. That is why it is ""Always one step ahead!""",5,2025-01-17,Dashen Bank,Google Play
‚ÄúLife-changing!‚Äù I can‚Äôt imagine going back to traditional banking after using this app. It‚Äôs so convenient.,5,2025-01-17,Dashen Bank,Google Play
Pro max,5,2025-01-17,Dashen Bank,Google Play
